English,Hungarian
you,te
i,én
the,a
to,nak nek
a,A
it,azt
and,és
that,hogy
of,"nak,-nek"
is,az
in,ban ben
what,mit
we,mi
me,nekem
this,ez
he,ő
for,-ra
my,az én
on,tovább
have,van
your,a te
do,csinál
was,volt
no,nem
not,nem
be,lenni
are,vannak
don,Don
know,tud
can,tud
with,val vel
but,de
all,minden
so,így
just,éppen
there,ott
here,itt
they,ők
like,mint
get,kap
she,ő
go,megy
if,ha
right,jobb
out,ki
about,ról ről
up,fel
at,nál nél
him,neki
now,Most
oh,OH
one,egy
come,jön
well,jól
her,neki
how,hogyan
yeah,igen
will,akarat
got,kapott
want,akar
think,gondol
as,mint
see,lát
did,csinált
good,jó
who,WHO
why,miért
from,tól től
let,enged
his,övé
yes,Igen
when,amikor
going,haladó
time,idő
an,egy
okay,oké
back,vissza
look,néz
us,minket
would,lenne
them,őket
where,ahol
were,voltak
take,vesz
then,akkor
had,volt
or,vagy
been,már
our,a miénk
gonna,fog
tell,Mondd
really,igazán
man,Férfi
some,néhány
say,mond
hey,Hé
could,tudott
didn,nem
by,által
need,szükség
something,valami
has,van
too,is
more,több
way,út
down,le-
make,készít
very,nagyon
never,soha
only,csak
people,emberek
over,felett
because,mert
little,kis
please,kérem
love,szerelem
should,kellene
mean,átlagos
said,mondott
sorry,sajnálom
give,adni
off,ki
am,AM
thank,köszönet
any,Bármi
two,kettő
even,még
much,sokkal
doing,cselekedet
sure,biztos
thing,dolog
these,ezek
help,Segítség
first,első
into,-ba
anything,bármi
still,még mindig
find,megtalálja
life,élet
nothing,semmi
sir,uram
day,nap
god,Isten
work,munka
their,az övék
uh,uh
again,újra
maybe,talán
must,kell
before,előtt
other,Egyéb
wait,várjon
stop,állj meg
call,hívás
after,után
won,nyerte
talk,beszélgetés
away,el
than,mint
thought,gondolat
home,itthon
night,éjszaka
put,elhelyez
great,nagy
those,azok
last,utolsó
better,jobb
everything,minden
told,mondta
mr.,úr.
new,új
things,dolgok
always,mindig
keep,tart
long,hosszú
years,évek
leave,elhagy
does,csinál
money,pénz
around,körül
doesn,nem
name,név
place,hely
ever,valaha
feel,érez
guys,srácok
father,apa
guy,fickó
made,készült
old,régi
isn,ISN
which,melyik
big,nagy
done,Kész
hello,Helló
nice,szép
believe,hinni
girl,lány
someone,valaki
fine,bírság
thanks,Kösz
wanted,vágyó
kind,kedves
coming,eljövetel
house,ház
every,minden
ok,rendben
through,keresztül
being,lény
course,tanfolyam
stay,marad
left,bal
dad,apu
enough,elég
happened,történt
came,jött
may,lehet
mother,anya
wrong,rossz
world,világ
bad,rossz
might,esetleg
three,három
today,Ma
listen,hallgat
another,egy másik
understand,megért
hear,hall
remember,emlékezik
ask,kérdez
own,saját
same,azonos
show,előadás
else,más
kill,megöl
talking,beszél
found,megtalált
next,következő
getting,szerzés
care,gondoskodás
car,autó
looking,kinézetű
son,fiú
try,próbáld ki
woman,nő
went,elment
hi,Szia
dead,halott
many,sok
mind,ész
wasn,volt
friend,barát
mom,anya
hell,pokol
morning,reggel
trying,megpróbálja
boy,fiú
together,együtt
yourself,saját magad
job,munka
saw,fűrész
family,család
real,igazi
without,nélkül
baby,baba
room,szoba
wouldn,nem tenné
already,már
move,mozog
most,a legtöbb
seen,látott
live,élő
miss,hiányzik
actually,tulajdonképpen
huh,Hát
shit,szar
both,mindkét
heard,hallott
once,egyszer
ready,kész
head,fej
called,hívott
used,használt
idea,ötlet
knew,tudta
hold,tart
happy,boldog
door,ajtó
such,ilyen
fuck,baszd
brother,fiú testvér
also,is
pretty,szép
bit,bit
took,vett
haven,menedék
yet,még
men,férfiak
whole,egész
start,Rajt
use,használat
while,míg
since,mivel
wife,feleség
days,napok
guess,Találd ki
tomorrow,holnap
matter,ügy
meet,találkozik
bring,hoz
tonight,ma este
everyone,mindenki
run,fuss
wanna,akarok
hard,kemény
ah,AH
alone,egyedül
myself,magamat
school,iskola
gone,elmúlt
um,um
saying,mondás
phone,telefon
play,játék
looks,kinézet
couldn,nem tudott
fucking,kibaszott
problem,probléma
few,kevés
friends,barátok
gotta,Kell
ago,ezelőtt
open,nyisd ki
anyone,bárki
killed,megölt
hope,remény
face,arc
until,amíg
lost,elveszett
police,rendőrség
excuse,mentség
turn,fordulat
business,üzleti
case,ügy
wants,akar
says,mond
true,igaz
die,meghal
heart,szív
soon,hamar
each,minden egyes
worry,aggodalom
later,a későbbiekben
year,év
watch,néz
music,zene
hand,kéz
having,ha
probably,valószínűleg
beautiful,gyönyörű
doctor,orvos
sit,ül
eat,eszik
thinking,gondolkodás
young,fiatal
second,második
working,dolgozó
water,víz
person,személy
part,rész
kids,gyerekek
late,késő
stuff,dolog
exactly,pontosan
under,alatt
death,halál
minute,perc
pay,fizetés
crazy,őrült
forget,elfelejt
everybody,mindenki
kid,kölyök
change,változás
gave,adott
happen,történik
damn,átkozott
five,öt
drink,ital
far,messze
knows,tud
its,az
whatever,tök mindegy
eyes,szemek
shut,bezár
aren,aréna
hit,találat
taking,bevétel
easy,könnyen
times,idő
check,jelölje be
hands,keze
minutes,percek
deal,üzlet
different,különböző
means,eszközök
point,pont
inside,belül
makes,készít
asked,kérdezte
somebody,valaki
mine,enyém
making,készítés
body,test
afraid,félelmetes
sleep,alvás
chance,véletlen
dear,kedves
quite,egészen
four,négy
anyway,akárhogyan is
close,Bezárás
ain,ain
party,buli
fun,szórakozás
against,ellen
word,szó
comes,jön
important,fontos
set,készlet
shall,fog
story,sztori
number,szám
daughter,lánya
least,legkevésbé
waiting,várakozás
hurt,sért
wish,szeretnék
moment,pillanat
fight,harc
week,hét
husband,férj
girls,lányok
rest,pihenés
married,házas
fire,Tűz
game,"játszma, meccs"
nobody,senki
mr,úr
children,gyermekek
side,oldal
stand,állvány
read,olvas
though,bár
cut,vágott
started,elindult
sister,nővér
supposed,feltételezett
between,között
child,gyermek
goes,elmegy
hours,órák
speak,beszél
women,nők
behind,mögött
almost,majdnem
truth,igazság
able,képes
lady,hölgy
anymore,többé
playing,játék
gets,kap
shot,lövés
reason,ok
trouble,baj
break,szünet
war,háború
city,város
walk,séta
town,város
trust,bizalom
dr.,dr.
met,találkozott
office,hivatal
question,kérdés
brought,hozott
yours,a tiéd
welcome,Üdvözöljük
high,magas
wow,Azta
couple,párosít
half,fél
died,meghalt
cool,menő
free,ingyenes
either,bármelyik
seems,úgy tűnik
power,erő
whoa,hohó
bye,Viszlát
buy,megvesz
telling,sokatmondó
honey,édesem
tried,megpróbálta
front,elülső
team,csapat
answer,válasz
gun,pisztoly
boys,fiúk
line,vonal
send,Küld
news,hírek
stupid,hülye
bed,ágy
hurry,siet
full,teljes
months,hónapok
save,megment
sometimes,néha
become,válik
along,mentén
hate,gyűlöl
food,étel
outside,kívül
light,fény
l,L
needs,igények
dog,kutya
country,ország
clear,egyértelmű
order,rendelés
em,emelő
fact,tény
lord,lord
captain,kapitány
six,hat
hot,forró
funny,vicces
black,fekete
mrs.,Asszony.
alive,élő
pick,szed
feeling,érzés
cause,ok
ahead,előre
lose,elveszít
king,király
plan,terv
dinner,vacsora
sighs,sóhajt
sort,fajta
leaving,kilépő
shouldn,nem szabad
running,futás
boss,főnök
alright,rendben
promise,ígéret
taken,vett
safe,biztonságos
ma,ma
book,könyv
sent,küldött
white,fehér
hour,óra
anybody,bárki
small,kicsi
perfect,tökéletes
lives,élet
special,különleges
parents,szülők
s,S
john,János
himself,saját maga
perhaps,talán
sounds,hangok
serious,komoly
sick,beteg
company,vállalat
ha,Ha
scared,megrémült
uncle,nagybácsi
poor,szegény
red,piros
past,múlt
earth,föld
possible,lehetséges
shoot,lő
touch,érintés
sound,hang
top,felső
ass,szamár
laughs,nevet
asking,kérve
win,győzelem
glad,boldog
control,ellenőrzés
hmm,hmm
human,emberi
drive,hajtás
hair,haj
jack,Jack
bitch,kurva
luck,szerencse
murder,gyilkosság
happens,történik
air,levegő
ten,tíz
daddy,apu
finally,végül
chuckles,kuncog
fast,gyors
cold,hideg
seem,látszik
laughing,nevetés
words,szavak
hospital,kórház
street,utca
hang,lóg
dance,tánc
meeting,találkozó
till,amíg
others,mások
catch,fogás
follow,kövesse
sense,érzék
sex,szex
lie,fekszik
evening,este
master,fő-
known,ismert
dream,álom
write,ír
million,millió
voice,hang
sweet,édes
rather,Inkább
felt,filc
sign,jel
lucky,szerencsés
somewhere,valahol
bet,tét
o,o
jesus,Jézus
longer,hosszabb
calling,hívás
worked,dolgozott
quiet,csendes
looked,nézett
less,Kevésbé
pull,Húzni
beat,üt
coffee,kávé
return,Visszatérés
secret,titok
weeks,hetek
weren,gyötrő
date,dátum
seeing,látás
fall,esik
given,adott
ooh,ó
fault,hiba
straight,egyenes
takes,felvétel
song,dal
future,jövő
gentlemen,Urak
loved,szeretett
changed,megváltozott
road,út
calm,nyugodt
wonderful,csodálatos
mad,őrült
turned,fordult
drop,csepp
ladies,hölgyek
learn,tanul
step,lépés
absolutely,teljesen
early,korai
explain,elmagyaráz
clean,tiszta
piece,darab
yesterday,tegnap
throw,dobás
picture,kép
land,föld
feet,láb
wonder,csoda
questions,kérdés
speaking,beszélő
worth,érdemes
darling,Drágám
dude,haver
giving,adás
president,elnök
eye,szem
quick,gyors
moving,mozgó
figure,ábra
state,állapot
strong,erős
sam,SAM
none,egyik sem
amazing,elképesztő
ones,azok
works,művek
act,törvény
needed,szükséges
weird,furcsa
law,törvény
worried,aggódó
report,jelentés
goodbye,viszontlátásra
missing,hiányzó
choice,választás
happening,esemény
chief,fő
wedding,esküvő
strange,furcsa
general,Tábornok
pain,fájdalom
kidding,viccelődés
decided,határozott
ya,ja
pass,átad
tired,fáradt
class,osztály
officer,tiszt
kept,tartotta
wake,ébred
worse,rosszabb
busy,elfoglalt
eh,eh
mistake,hiba
kiss,csók
court,bíróság
building,épület
finish,Befejez
during,alatt
age,kor
ship,hajó
caught,elkapott
marry,feleségül vesz
meant,jelentett
sell,elad
dark,sötét
watching,nézni
system,rendszer
suppose,tegyük fel
evidence,bizonyíték
movie,film
ride,lovagol
t,t
completely,teljesen
mouth,száj
totally,teljesen
birthday,születésnap
tv,tévé
forgive,megbocsát
born,született
imagine,Képzeld el
information,információ
instead,helyette
definitely,egyértelműen
security,Biztonság
certainly,biztosan
film,film
month,hónap
lying,fekvő
unless,hacsak
train,vonat
seven,hét
wear,viselet
michael,Michael
hotel,szálloda
christmas,Karácsony
attack,támadás
hasn,héja
round,kerek
expect,elvár
sing,énekel
terrible,szörnyű
george,György
bag,táska
history,történelem
blue,kék
near,közel
broke,törött
station,állomás
seriously,Komolyan
forever,örökké
david,Dávid
frank,őszinte
except,kivéve
thinks,azt hiszi
message,üzenet
entire,teljes
joe,Joe
table,asztal
talked,beszélt
across,át
rock,szikla
lovely,bájos
handle,fogantyú
middle,középső
buddy,haver
paid,fizetett
protect,véd
using,felhasználás
floor,padló
ran,futott
swear,esküszik
spend,tölt
situation,helyzet
ring,gyűrű
anywhere,bárhol
dangerous,veszélyes
bill,számla
york,York
army,hadsereg
lead,vezet
bought,vett
finished,befejezett
fair,becsületes
sun,nap
letter,levél
fool,bolond
attention,Figyelem
club,klub
simple,egyszerű
interesting,érdekes
space,hely
test,teszt
box,doboz
group,csoport
single,egyetlen
sitting,ülés
marriage,házasság
join,csatlakozik
fear,félelem
d,D
peace,béke
forgot,elfelejtett
force,Kényszerítés
short,rövid
normal,Normál
charlie,Charlie
present,ajándék
enjoy,Élvezd
crime,bűn
horse,ló
ground,talaj
american,Amerikai
count,számol
area,terület
charge,díj
honor,becsület
lunch,ebéd
miles,mérföld
radio,rádió
idiot,idióta
ball,labda
surprise,meglepetés
paper,papír
key,kulcs
boat,hajó
quickly,gyorsan
gold,Arany
bar,rúd
fish,hal
mark,Mark
tom,Tom
wearing,fárasztó
crying,síró
accident,baleset
government,kormány
eight,nyolc
fell,leesett
cover,borító
certain,bizonyos
interested,érdekelt
deep,mély
star,csillag
sea,tenger
agree,egyetért
problems,problémák
detective,nyomozó
prison,börtön
major,Jelentősebb
stick,rúd
offer,ajánlat
difficult,nehéz
smart,Okos
personal,személyes
record,rekord
stopped,leállt
hide,elrejt
whether,hogy
bank,bank
trip,utazás
relax,ellazul
america,Amerika
public,nyilvános
list,lista
afternoon,délután
brain,agy
fix,javítás
bastard,fattyú
proud,büszke
tea,tea
service,szolgáltatás
screaming,sikoltozás
forward,előre
angry,mérges
park,park
soul,lélek
fighting,harc
peter,Péter
rich,gazdag
agent,ügynök
blow,fúj
paul,Pál
dress,ruha
mary,Mária
missed,nem fogadott
scene,színhely
killing,gyilkolás
standing,álló
saved,mentett
mm,mm
respect,tisztelet
killer,gyilkos
ice,jég
mess,rendetlenség
tough,kemény
feels,érzi
church,templom
sad,szomorú
cell,sejt
drunk,részeg
share,Ossza meg
camera,kamera
mm-hmm,mm-hmm
within,belül
card,kártya
fly,légy
ben,Ben
girlfriend,barátnő
laugh,nevetés
smell,szag
broken,törött
mum,mama
honest,becsületes
often,gyakran
starting,indulás
calls,hívás
y,y
spent,költött
third,harmadik
english,angol
visit,látogatás
mama,mama
judge,bíró
window,ablak
hungry,éhes
dare,merészel
relationship,kapcsolat
moved,mozgatott
prove,bizonyít
private,magán
wall,fal
seat,ülés
i-i,I-I
position,pozíció
lieutenant,hadnagy
realize,Rájön
lt,LT
especially,különösen
machine,gép
walking,séta
art,Művészet
pleasure,öröm
bloody,véres
college,főiskola
french,Francia
involved,magában foglal
cry,kiáltás
became,lett
lived,élt
impossible,lehetetlen
obviously,magától értetődően
neither,se
accept,elfogad
boyfriend,fiú barát
besides,kívül
queen,királynő
teacher,tanár
cops,zsaruk
sake,kedvéért
loves,szeret
carry,visz
teach,tanít
apartment,lakás
upset,szomorú
green,zöld
la,LA
liked,tetszett
cute,aranyos
evil,gonosz
professor,Egyetemi tanár
contact,kapcsolatba lépni
joke,tréfa
cop,zsaru
huge,hatalmas
holy,szent
store,bolt
jail,börtön
likes,kedveli
lawyer,jogász
doubt,kétség
continue,folytatni
appreciate,méltányol
cat,macska
shop,üzlet
driving,vezetés
congratulations,Gratulálunk
wrote,írt
village,falu
quit,Kilépés
field,terület
james,James
wine,bor
decision,döntés
south,déli
sleeping,alvás
slow,lassú
laughter,nevetés
island,sziget
glass,üveg
beginning,kezdet
cash,készpénz
dying,haldoklik
hundred,száz
whose,akinek
difference,különbség
plane,repülőgép
push,nyom
continues,folytatja
singing,éneklés
eating,enni
north,északi
mrs,Asszony
tree,fa
madam,Hölgyem
gift,ajándék
truck,kamion
putting,elhelyezés
bear,medve
board,tábla
grab,Megragad
beer,sör
stuck,megragadt
magic,varázslat
support,támogatás
rules,szabályok
grunts,morgás
partner,partner
reach,elér
wind,szél
colonel,ezredes
max,maximum
immediately,azonnal
seconds,másodpercek
thousand,ezer
gives,adás
experience,tapasztalat
cheers,Egészségére
victim,áldozat
upon,esetén
computer,számítógép
christ,Krisztus
planet,bolygó
promised,igért
bus,busz
henry,Henrik
dirty,piszkos
search,keresés
staying,tartózkodás
dreams,álmok
arrest,letartóztatás
holding,holding
suddenly,hirtelen
usually,általában
lots,sok
shoes,cipő
er,ER
jump,ugrás
rid,megszabadít
yo,yo
knock,kopogás
owe,tartozik
harry,Harry
grow,nő
worst,legrosszabb
river,folyó
aunt,néni
patient,beteg
kitchen,konyha
aah,AAH
fat,zsír
passed,elhaladt
final,végső
summer,nyár
bob,bob
listening,hallgatás
escape,menekülni
everywhere,mindenhol
moon,hold
arms,fegyver
turns,fordul
address,cím
ow,ow
match,mérkőzés
gasps,zihál
grand,nagy
yep,Igen
shh,SHH
nervous,ideges
de,de
choose,választ
themselves,maguk
decide,döntsd el
mate,társ
drinking,ivás
press,nyomja meg
bother,zavar
foot,láb
hadn,héja
blame,feddés
crap,szar
drugs,gyógyszerek
type,típus
rings,gyűrű
mission,küldetés
named,nevezett
heaven,menny
picked,válogatott
paris,Párizs
race,verseny
risk,kockázat
books,könyvek
further,további
danny,danny
action,akció
allowed,megengedett
orders,megrendelés
learned,tanult
price,ár
arrived,megérkezett
nick,bukás
otherwise,másképp
pictures,képek
fit,elfér
smoke,füst
favor,kedvelő
played,lejátszott
notice,értesítés
awesome,fantasztikus
smile,mosoly
director,rendező
guard,őr
begin,kezdődik
spot,folt
surprised,meglepődött
innocent,ártatlan
narrator,narrátor
herself,önmaga
london,London
feelings,érzések
enemy,ellenség
battle,csata
ourselves,minket
alex,Alex
dollars,dollár
allow,lehetővé teszi
nine,kilenc
gay,meleg
department,osztály
guilty,bűnös
apart,egymástól
earlier,korábban
duty,kötelesség
jim,Jim
suit,öltöny
bell,harang
west,nyugat
legs,lábak
hero,hős
destroy,elpusztítani
stage,színpad
bunch,csokor
according,szerint
chicken,csirke
bigger,nagyobb
grunting,morgás
low,alacsony
helping,segít
admit,beismerni
closed,zárva
names,nevek
witness,tanú
upstairs,emeleten
arm,kar
steal,lop
jimmy,Jimmy
kick,rúgás
twice,kétszer
cross,kereszt
ways,módokon
sergeant,őrmester
indeed,valóban
gas,gáz
keeping,tartás
energy,energia
pregnant,terhes
waste,Pazarlás
helped,segített
fired,kirúgott
favorite,kedvenc
tony,Tony
taste,íz
locked,zárt
places,hely
writing,írás
adam,Ádám
brothers,testvérek
starts,elindul
prince,herceg
form,forma
sold,eladott
silly,bolondos
mention,említés
build,épít
throat,torok
hole,lyuk
figured,mintás
track,nyomon követni
ringing,csengés
lock,zár
leg,láb
above,felett
hiding,bujkál
steve,Steve
seemed,úgy tűnt
breakfast,reggeli
engine,motor
written,írott
complete,teljes
video,videó
applause,taps
however,azonban
pressure,nyomás
fresh,friss
weapon,fegyver
sky,ég
ms.,Kisasszony.
stole,stóla
study,tanulmány
burn,éget
reading,olvasás
crowd,tömeg
treat,csemege
roll,tekercs
double,kettős
spirit,szellem
danger,veszély
cost,költség
empty,üres
level,szint
memory,memória
itself,maga
acting,ható
interest,érdeklődés
nose,orr
plans,tervek
following,következő
bathroom,fürdőszoba
built,épült
closer,közelebb
ray,sugár
sarah,Sára
band,Zenekar
groans,nyögés
apparently,látszólag
excited,izgatott
richard,Richard
losing,vesztes
animals,állatok
flight,repülési
nature,természet
raise,emel
pop,pop
client,ügyfél
bomb,bomba
neck,nyak
suspect,gyanúsított
warm,meleg
extra,külön-
bottle,üveg
van,kisteherautó
heavy,nehéz
mommy,anyu
dogs,kutyák
wild,vad
ridiculous,nevetséges
simply,egyszerűen
lee,lee
animal,állat
showed,megmutatott
billy,fütykösbot
shooting,lövés
keeps,megtart
camp,tábor
guns,fegyverek
medical,orvosi
shame,szégyen
hoping,remélve
whom,kit
bird,madár
majesty,felség
flowers,virágok
famous,híres
asleep,Alva
beauty,szépség
driver,sofőr
keys,kulcsok
rain,eső
awful,szörnyű
large,nagy
local,helyi
deserve,megérdemel
goddamn,istenverte
stone,kő
jane,Jane
grace,kegyelem
consider,fontolgat
weekend,hétvége
wondering,csodálkozó
lay,világi
plenty,bőven
willing,hajlandó
pants,nadrág
sweetheart,Édesem
skin,bőr
excellent,kiváló
asshole,seggfej
beach,strand
c,c
faith,hit
beg,könyörög
fuckin,kibaszott
responsible,felelős
military,katonai
cheering,éljenzés
opportunity,lehetőség
common,gyakori
bottom,alsó
german,német
whoever,bárki
cook,szakács
walked,sétált
papers,papírok
justice,igazságszolgáltatás
hall,előszoba
commander,parancsnok
drug,drog
main,fő-
knife,kés
devil,ördög
necessary,szükséges
although,habár
princess,hercegnő
lights,Lámpák
flying,repülő
dick,fasz
rose,rózsa
knowing,tudó
clearly,tisztán
hat,kalap
agreed,egyetért
johnny,Johnny
corner,sarok
code,kód
note,jegyzet
tommy,Tommy
due,esedékes
correct,helyes
apologize,bocsánatot kér
language,nyelv
stars,csillagok
faster,gyorsabban
cars,autók
folks,emberek
bullshit,hülyeség
i.,én.
fellow,fickó
several,számos
grandma,nagymama
shows,műsorok
leader,vezető
leaves,levelek
restaurant,étterem
east,keleti
shouting,kiabálás
blind,vak
ghost,szellem
cup,csésze
gotten,megszerzett
tight,szoros
conversation,beszélgetés
tells,elmondja
lies,hazugság
nor,sem
pulled,húzott
hanging,függő
speed,sebesség
stories,történetek
health,Egészség
advice,tanács
held,tartott
uh-huh,UH Huh
murdered,meggyilkolt
beyond,túl
rule,szabály
hardly,alig
possibly,esetleg
inspector,ellenőr
cousin,unokatestvér
trial,próba
emergency,vészhelyzet
ought,kellene
eddie,Eddie
somehow,valahogy
hearing,meghallgatás
states,Államok
account,beszámoló
spoke,beszéltem
file,irat
understood,megértett
angel,angyal
tape,szalag
milk,tej
powerful,erős
weapons,fegyverek
practice,gyakorlat
manager,menedzser
pardon,Bocsánat
vote,szavazás
jake,Jake
national,nemzeti
career,karrier
minister,miniszter
super,szuper
taught,tanított
robert,Robert
biggest,legnagyobb
plays,színdarab
natural,természetes
dancing,tánc
copy,másolat
plus,plusz
martin,Márton
cake,torta
freedom,szabadság
among,között
breath,lehelet
operation,művelet
chris,Chris
crew,legénység
challenge,kihívás
market,piac
meat,hús
towards,felé
bringing,hozás
dropped,csökkent
student,diák
lied,hazugság
strength,erő
size,méret
breathe,lélegzik
color,szín
monster,szörnyeteg
loud,hangos
photo,fénykép
aw,egy
nearly,közel
sight,látás
greatest,legnagyobb
games,játékok
bridge,híd
dressed,öltözött
arrested,letartóztatott
horrible,szörnyű
coach,távolsági busz
planning,tervezés
checked,ellenőrzött
breaking,törés
noticed,megjegyezte
fantastic,fantasztikus
screams,sikít
serve,szolgál
ideas,ötletek
investigation,vizsgálat
center,központ
older,idősebb
pack,csomag
soldiers,katonák
nonsense,ostobaság
doc,dokumentum
project,projekt
training,kiképzés
example,példa
trick,trükk
prepared,előkészített
science,tudomány
united,egyesült
travel,utazás
incredible,hihetetlen
grandpa,nagypapa
paying,fizető
character,karakter
teeth,fogak
criminal,Bűnügyi
charles,Károly
chinese,kínai
truly,valóban
honestly,őszintén
bro,tesó
survive,túlél
bobby,büdös
target,cél
feed,takarmányozás
nurse,ápoló
e,E
fake,hamisítvány
records,nyilvántartás
breathing,lélegző
sweetie,édesem
numbers,szám
oil,olaj
suicide,öngyilkosság
belong,tartozik
whoo,whoo
perfectly,tökéletesen
amy,Amy
forgotten,elfelejtett
remain,marad
original,eredeti
papa,papa
onto,-ra
concerned,aggasztó
credit,hitel
ugh,ugr
invited,meghívott
discuss,megvitat
research,kutatás
easier,könnyebb
view,Kilátás
chair,szék
hurts,fáj
strike,sztrájk
roger,Roger
fill,tölt
condition,feltétel
mountain,hegy
dr,dr.
nowhere,most itt
sheriff,seriff
kim,Kim
turning,fordulás
brown,barna
recognize,elismerik
heads,fej
audience,közönség
jealous,irigy
pretend,színlel
society,társadalom
finding,lelet
shirt,ing
comfortable,kényelmes
meaning,értelem
guest,vendég
pieces,darabok
dry,száraz
letting,engedés
began,elkezdett
aye,igen
jeff,Jeff
female,női
release,kiadás
ho,ho
cards,kártyás kártyák
pray,imádkozik
unfortunately,sajnálatos módon
balls,golyó
destroyed,elpusztult
ended,vége lett
universe,világegyetem
prepare,készít
opinion,vélemény
movies,filmek
soldier,katona
wash,mosás
program,program
heat,melegít
usual,szokásos
ticket,jegy
stolen,lopott
prefer,jobban szeret
aware,tudatában van
surely,biztosan
male,férfi
base,bázis
matters,számít
lift,emel
lab,labor
command,parancs
proof,bizonyíték
cream,krém
selling,eladási
believed,hitt
create,teremt
h,H
afford,enged ki
sunday,vasárnap
total,teljes
dumb,néma
threw,dobta
france,Franciaország
birth,születés
created,létrehozott
realized,megvalósult
british,angol
noise,zaj
nuts,diófélék
students,diákok
birds,madarak
social,szociális
brilliant,ragyogó
bodies,test
tie,nyakkendő
opened,nyitott
ours,a miénk
bucks,dollár
kevin,Kevin
mister,uram
ugly,csúnya
ryan,Ryan
focus,fókusz
dan,Dan
opens,kinyit
exist,létezik
followed,követte
england,Anglia
draw,húz
purpose,célja
letters,betűk
daniel,Dániel
opening,Nyítás
bullet,golyó
anna,Anna
lately,utóbbi időben
stayed,maradt
falling,eső
season,évad
ends,véget ér
suggest,javaslat
joy,öröm
distance,távolság
responsibility,felelősség
whenever,bármikor
issue,probléma
thousands,ezrek
process,folyamat
sword,kard
shower,zuhany
weak,gyenge
fucked,baszott
lonely,magányos
happiness,boldogság
eric,Eric
tiny,apró
desk,asztal
pool,medence
property,ingatlan
forced,kényszerű
settle,leül
indistinct,homályos
weight,súly
received,beérkezett
gang,banda
bite,harapás
friday,péntek
disappeared,eltűnt
interview,interjú
expecting,várható
kinda,kissé
surgery,sebészet
horses,lovak
mayor,polgármester
babe,kisbaba
ancient,ősi
handsome,jóképű
thomas,Tamás
saturday,szombat
staff,személyzet
lines,vonal
unit,Mértékegység
fan,ventilátor
gentleman,úriember
introduce,bemutatni
fate,sors
split,hasított
recently,mostanában
expected,várt
add,hozzáad
ordered,elrendelt
slowly,lassan
alarm,riasztás
member,tag
slept,aludt
signed,aláírt
enter,belép
spanish,spanyol
garden,kert
brings,hoz
brave,bátor
pig,malac
model,modell
finger,ujj
medicine,gyógyszer
access,hozzáférés
failed,nem sikerült
flat,lakás
easily,könnyen
discovered,felfedezett
based,alapú
screw,csavar
insane,őrült
cares,gondoskodik
weather,időjárás
fingers,ujjak
san,SAN
scott,Scott
path,pálya
soft,puha
harm,sérelem
style,stílus
community,közösség
sees,lát
basically,alapvetően
al,al
signal,jel
nope,dehogy
spare,tartalék
speech,beszéd
covered,fedett
shake,ráz
loose,laza
snow,hó
russian,orosz
lake,tó
bright,fényes
roof,tető
ohh,óh
sending,küldés
paint,festék
remind,emlékeztet
pal,haver
naked,meztelen
post,oszlop
sugar,cukor
heading,cím
streets,utcák
damage,kár
silence,csend
doors,ajtók
pete,petéz
ed,szerkesztés
success,siker
wet,nedves
nah,nem
amount,összeg
members,tagok
kate,Kate
manage,kezel
returned,visszatért
harder,nehezebb
fbi,FBI
block,Blokk
showing,bemutatás
fancy,díszes
chef,séf
contract,szerződés
dig,ásás
chest,mellkas
good-bye,viszontlátásra
drinks,ital
dave,Dave
buried,eltemetett
brian,brian
trade,kereskedelmi
journey,utazás
stomach,gyomor
changes,változtatások
details,részletek
thoughts,gondolatok
divorce,válás
funeral,temetés
maria,Maria
football,futball
reality,valóság
theory,elmélet
gosh,mindenit
ruined,romos
gate,kapu
william,Vilmos
spread,terjedés
outta,kívül
japanese,japán
sudden,hirtelen
coat,kabát
sooner,hamarabb
cheese,sajt
larry,Larry
spring,tavaszi
page,oldal
ears,fülek
simon,Simon
castle,kastély
hidden,rejtett
storm,vihar
cos,kötözősaláta
personally,Személyesen
artist,művész
hill,hegy
exciting,izgalmas
permission,engedély
jerry,jerry
expensive,drága
tickets,jegyek
forest,erdő
barely,alig
eggs,tojás
goin,menj be
regret,megbánás
lesson,lecke
lover,szerető
bread,kenyér
andy,Andy
subject,tantárgy
legal,jogi
growing,növekvő
ill,beteg
jason,Jason
mood,hangulat
owner,tulajdonos
caused,okozott
beeping,sípolás
points,pontok
dating,randevú
loss,veszteség
secretary,titkár
revenge,bosszú
santa,Télapó
likely,valószínűleg
rent,bérlés
connection,kapcsolat
assistant,helyettes
reasons,okok
yelling,kiabálás
painting,festmény
trees,fák
doctors,orvosok
rush,rohanás
foreign,külföldi
rough,durva
murderer,gyilkos
century,század
nights,éjszakai
pair,pár
runs,futás
pocket,zseb
farm,Farm
matt,matt
bike,bicikli
obvious,nyilvánvaló
ate,evés
grew,nőtt
professional,szakmai
tim,Tim
goodness,jóság
parts,alkatrészek
alan,Alan
university,egyetemi
square,négyzet
grandfather,nagyapa
europe,Európa
genius,zseni
cases,esetek
ruin,ROM
winter,téli
tongue,nyelv
memories,emlékek
da,da
buying,vásárlás
cancer,rák
clock,óra
dna,DNS
liar,hazug
tour,túra
thief,tolvaj
bleep,robbant
lisa,Lisa
rights,jogok
including,beleértve
competition,verseny
smith,Kovács
planned,tervezett
emily,Emily
boring,unalmas
victims,áldozatok
mentioned,említett
bones,csontok
plant,növény
bless,áldja
warning,Figyelem
knocking,kopogás
re,újra
crash,ütközés
bedroom,hálószoba
lower,Alsó
silver,ezüst
groaning,nyögés
madame,asszonyom
defense,védelem
results,eredmények
toilet,WC
event,esemény
complicated,bonyolult
shape,alak
priest,pap
royal,királyi
cheap,olcsó
romantic,romantikus
downstairs,a földszinten
invite,meghív
fortune,szerencse
tears,könnyek
avoid,elkerül
reached,elért
higher,magasabb
familiar,ismerős
telephone,telefon
burning,égő
filled,megtöltött
kelly,koszos
alice,Alice
airport,repülőtér
jobs,munkakör
grown,felnőtt
walter,Walter
rachel,Rachel
giant,óriás
insurance,biztosítás
woods,fák
scare,megijeszt
pleased,elégedett
period,időszak
political,politikai
player,játékos
stops,megáll
secrets,titkok
laura,Laura
repeat,ismétlés
photos,fotó
finds,leletek
statement,nyilatkozat
suck,szív
younger,fiatalabb
china,Kína
humans,emberek
delicious,finom
particular,különös
proper,megfelelő
rome,Róma
belongs,tartozik
attacked,megtámadott
bath,fürdőkád
hired,bérelt
site,webhely
knowledge,tudás
led,vezette
guests,vendégek
celebrate,ünnepel
map,térkép
horn,kürt
eventually,végül is
pity,kár
powers,hatalom
ashamed,megszégyenülve
assume,feltételezni
glasses,szemüveg
rise,emelkedik
fixed,rögzített
request,kérés
officers,tisztviselők
pounds,font
data,adat
carefully,gondosan
per,egy
depends,attól függ
jury,zsűri
waited,várt
positive,pozitív
attorney,ügyvéd
direction,irány
families,család
doin,csinál
forces,erők
location,elhelyezkedés
walls,falak
useless,hiábavaló
grant,támogatás
saving,megtakarítás
speaks,beszél
fought,harcolt
meal,étkezés
deliver,szállít
answers,válaszadás
changing,változó
temple,templom
scary,ijedős
millions,milliók
offered,felajánlott
regular,szabályos
carrying,hordozás
official,hivatalos
jacket,dzseki
switch,kapcsoló
grave,sír
chase,üldözés
role,szerep
odd,páratlan
sexy,szexis
faces,arcok
becomes,lesz
closes,bezárul
badly,rosszul
tall,magas
confused,zavaros
affair,ügy
television,televízió
shock,sokk
raised,emelt
panting,zihálás
pizza,pizza
image,kép
clears,törlő
golden,aranysárga
patients,betegek
watched,figyelt
committed,elkötelezett
sexual,szexuális
suffer,szenvedni
arthur,Arthur
wherever,bárhol
plate,lemez
appear,megjelenik
chocolate,csokoládé
clever,okos
hm,HM
mercy,kegyelem
shots,felvételek
lucy,Lucy
dealing,foglalkozás
trap,csapda
charges,díj
phil,phil
bang,bumm
poison,méreg
butt,csikk
drove,"hajtott, vezetett"
yourselves,magatok
headed,fejes
babies,babák
yellow,sárga
soup,leves
mystery,rejtély
picking,szedés
sat,ült
wound,seb
traffic,forgalom
courage,bátorság
hunt,vadászat
indian,indián
rat,patkány
terms,kifejezés
italian,olasz
emma,emma
checking,ellenőrzés
disease,betegség
managed,kezelt
winner,győztes
council,tanács
appointment,időpont egyeztetés
monday,hétfő
crack,rés
threat,fenyegetés
jenny,Jenny
physical,fizikai
nation,nemzet
source,forrás
chose,választott
healthy,egészséges
carl,carl
victory,győzelem
rick,rick
stood,állt
kicked,rúgott
annie,Annie
disgusting,undorító
palace,palota
below,lent
shopping,bevásárlás
neighborhood,szomszédság
march,március
lips,ajkak
midnight,éjfél
piss,pisi
advantage,előny
pure,tiszta
india,India
aside,félre
jerk,bunkó
mail,levél
dawn,hajnal
effect,hatás
spell,varázslat
freak,szörnyszülött
wood,faipari
screwed,csavart
enemies,ellenségek
gary,Gary
awake,ébren
chuckling,kuncogva
vacation,vakáció
violence,erőszak
leo,Oroszlán
grandmother,nagymama
modern,modern
luke,lukács
firm,cég
prime,elsődleges
heh,heh
touched,érintett
talent,tehetség
whore,kurva
piano,zongora
license,engedély
cooking,főzés
honour,becsület
concern,vonatkozik
moves,mozog
available,elérhető
factory,gyár
gods,istenek
value,érték
central,központi
union,unió
mirror,tükör
studio,stúdió
media,média
taxi,Taxi
dies,elhuny
iron,Vas
hearts,szív
desire,vágy
rob,rabol
claire,Claire
fred,fred
songs,dalok
washington,Washington
monkey,majom
pride,büszkeség
pills,tabletták
miracle,csoda
swim,úszás
burned,megégett
smells,szagok
joking,viccelődés
christian,keresztény
bleeding,vérzés
hook,horog
beating,verés
protection,védelem
treatment,kezelés
ear,fül
carter,kocsis
metal,fém
disappear,eltűnik
grateful,hálás
extremely,rendkívül
treasure,kincs
rescue,mentés
capable,képes
passing,elhaladó
chatter,csevegés
result,eredmény
suffering,szenvedő
sisters,nővérek
laid,terített
governor,kormányzó
guards,gárdisták
louis,Louis
text,szöveg
literally,szó szerint
remove,eltávolítás
becoming,légy
performance,teljesítmény
stronger,erősebb
rate,mérték
deeply,mélyen
scream,sikoly
desert,sivatag
vehicle,jármű
illegal,illegális
pulling,húzás
throwing,dobás
josh,megtréfál
unbelievable,hihetetlen
ted,ted
zero,nulla
dean,dékán
curious,kíváncsi
sean,Sean
candy,cukorka
bone,csont
tied,bekötött
edge,él
load,Betöltés
susan,Susan
mountains,hegyek
boom,bumm
former,korábbi
holiday,ünnep
riding,lovaglás
scoffs,gúnyol
hundreds,százai
motherfucker,anyabaszó
sue,perel
bags,táskák
stealing,lopás
appears,Megjelenik
arrive,megérkezik
remains,maradványok
decent,megfelelő
issues,problémák
tip,tipp
fail,nem sikerül
bride,menyasszony
pissed,részeg
penny,penny
claim,követelés
friendship,barátság
desperate,kétségbeesett
flower,virág
dramatic,drámai
refuse,megtagadja
solve,megold
theme,téma
loving,szerető
properly,megfelelően
dragon,sárkány
mostly,többnyire
chuck,dugasz
directly,közvetlenül
surface,felület
false,hamis
cast,öntvény
junior,ifjúsági
hunting,vadászat
silent,csendes
thou,te
egg,tojás
germany,Németország
punch,puncs
africa,Afrika
woke,felébredt
intelligence,intelligencia
borrow,hitelt kölcsönöz
winning,nyerő
falls,esés
popular,népszerű
escaped,elmenekült
witch,boszorkány
convinced,meggyőződve
warn,figyelmeztet
announcer,bemondó
champagne,pezsgő
dust,por
kyle,Kyle
someday,majd egyszer
fallen,elesett
stranger,idegen
presence,jelenlét
tear,könny
st.,utca.
internet,Internet
monsieur,úr
therefore,ebből adódóan
technology,technológia
tires,gumiabroncsok
toast,pirítós
wise,bölcs
clark,zúgó
americans,amerikaiak
notes,jegyzet
smoking,dohányzó
hank,gombolyag
ls,LS
april,április
wolf,farkas
precious,értékes
rooms,szobák
coast,tengerpart
treated,kezelt
material,anyag
released,elengedett
uniform,egyenruha
hated,gyűlölt
considered,figyelembe vett
rice,rizs
exchange,csere
steps,lépések
blake,takár
convince,meggyőz
beast,vadállat
cow,tehén
files,irat
signs,jelek
drag,húzás
cab,taxi
hung,lógott
carried,hordozott
ordinary,rendes
successful,sikeres
eve,előeste
mistakes,hibák
houses,házak
chattering,csevegés
brains,agyvelő
japan,Japán
creature,teremtmény
fourth,negyedik
separate,különálló
cleaning,tisztítás
california,Kalifornia
shift,váltás
elizabeth,Erzsébet
chicago,Chicago
exact,pontos
karen,Karen
goal,cél
expert,szakértő
served,kiszolgált
direct,közvetlen
score,pontszám
row,sor
marks,jelek
twenty,húsz
receive,kap
series,sorozat
section,szakasz
pilot,pilóta
jackson,jackson
darkness,sötétség
thy,tiéd
sale,eladás
destiny,sors
cure,gyógymód
spoken,beszélt
armed,fegyveres
rare,ritka
helen,Helen
grade,fokozat
juice,gyümölcslé
wide,széles
tower,torony
solution,megoldás
schedule,menetrend
explosion,robbanás
wheel,kerék
cigarette,cigaretta
julie,julie
fruit,gyümölcs
blew,fújt
victor,győztes
talks,tárgyalások
sacrifice,áldozat
range,hatótávolság
button,gomb
reports,jelentések
prisoner,Rab
pie,pite
effort,erőfeszítés
youth,ifjúság
pot,edény
eaten,evett
taylor,Taylor
knees,térd
garage,garázs
parking,parkolás
ambulance,mentőautó
staring,bámulás
chances,esély
circumstances,körülmények
sin,bűn
gordon,Gordon
progress,előrehalad
unusual,szokatlan
county,megye
stairs,lépcsők
campaign,kampány
vision,látomás
reporter,riporter
equipment,felszerelés
moments,pillanatok
joey,Joey
mass,tömeg
alien,idegen
trapped,csapdába esett
helps,segít
route,útvonal
defend,védekez
trace,nyom
nasty,csúnya
tests,tesztek
magazine,magazin
rocks,sziklák
dump,lerak
rude,durva
searching,keresés
clue,nyom
connected,csatlakoztatva
amen,ámen
pushed,meglökött
merry,vidám
zone,zóna
senior,idősebb
closing,záró
freeze,fagy
emperor,császár
incident,incidens
snake,kígyó
mexico,Mexikó
lily,liliom
actor,színész
newspaper,újság
sentence,mondat
greg,Greg
leading,vezető
friendly,barátságos
jones,Jones
chosen,választott
engaged,elkötelezett
julia,Julia
charming,bájos
mustn,kötelező
anger,harag
spending,kiadások
learning,tanulás
spy,kém
sharp,éles
shadow,árnyék
warrant,garantál
elevator,lift
kingdom,királyság
ricky,ricky
jamie,Jamie
squad,osztag
shoulder,váll
wave,hullám
amanda,Amanda
highness,fenség
kinds,fajta
fishing,halászat
sometime,majd valamikor
attitude,hozzáállás
sucks,szar
negative,negatív
screen,képernyő
workers,munkavállalók
bored,unott
cameras,kamerák
similar,hasonló
understanding,megértés
beeps,sípol
chain,lánc
bull,bika
gasping,zümmögés
fully,teljesen
robin,vörösbegy
collect,gyűjt
gorgeous,gyönyörű
morgan,Morgan
passion,szenvedély
writer,író
empire,Birodalom
international,nemzetközi
curse,átok
hire,bérel
bastards,roham
puts,elhelyez
leads,vezet
id,személyazonosság
blows,fúj
sons,fiai
estate,birtok
customers,ügyfelek
maggie,mágikus
gunshot,puskalövés
i-,én-
device,eszköz
troops,csapatok
hug,Ölelés
design,tervezés
movement,mozgalom
thunder,mennydörgés
object,tárgy
loser,vesztes
pen,toll
sobbing,zokogás
politics,politika
despite,annak ellenére
alcohol,alkohol
climb,mászik
clients,ügyfelek
conference,konferencia
provide,biztosítani
marty,marty
seek,keres
witnesses,tanúk
earn,pénzt keres
trash,szemét
valley,völgy
fashion,divat
howard,húgyos
episode,epizód
prize,díj
previously,korábban
sports,sport
wanting,vágyó
debt,adósság
wishes,kívánságok
hitler,Hitler
wire,huzal
thee,téged
circle,kör
approach,megközelítés
stock,Készlet
facts,tények
remembered,Emlékezett
percent,százalék
normally,normális esetben
tail,farok
joined,csatlakozott
education,oktatás
bravo,bravo
library,könyvtár
rape,erőszak
wings,szárnyak
growling,morgás
thrown,dobott
tank,tartály
exhales,kilégzés
authority,hatóság
current,jelenlegi
failure,kudarc
nightmare,lidércnyomás
hitting,ütés
glory,dicsőség
knocked,kopogtatott
studying,tanul
barry,barry
agency,ügynökség
apple,alma
border,határ
rope,kötél
duck,kacsa
reputation,hírnév
confidence,bizalom
yard,udvar
beloved,szeretett
lack,hiány
actual,tényleges
skills,készség
films,filmek
mental,szellemi
salt,só
flesh,hús
anne,Anne
secure,biztonságos
highly,magasan
federal,szövetségi
sand,homok
emotional,érzelmi
setting,beállítás
nothin,semmi
senator,szenátor
services,szolgáltatás
robbery,rablás
hates,utál
fed,táplált
reward,jutalom
johnson,Johnson
commit,elkövetni
patrick,Patrick
entirely,teljesen
extraordinary,rendkívüli
ships,hajók
opposite,szemben
parties,a felek
stands,állvány
terry,tompa
chat,csevegés
events,események
mummy,múmia
bay,öböl
slip,csúszás
disappointed,csalódott
settled,rendezett
begins,elkezdődik
andrew,András
alert,éber
detail,Részlet
pink,rózsaszín
fellas,fickó
accepted,elfogadott
background,háttér
garbage,szemét
panic,pánik
minds,elme
belt,öv
blowing,fúj
hollywood,Hollywood
agreement,megegyezés
jackie,jackie
pushing,toló
ability,képesség
tiger,tigris
whispering,suttogó
culture,kultúra
saint,szent
jesse,jesse
task,feladat
solid,szilárd
doll,baba
intend,szándékozik
district,kerület
pa,PA
gee,Jé
custody,őrizet
ignore,figyelmen kívül hagyni
naturally,természetesen
useful,hasznos
attempt,kísérlet
abandoned,elhagyatott
cutting,vágás
kissed,megcsókolt
guarantee,garancia
barking,ugató
gather,összegyűjt
policy,irányelv
u.s.,minket.
violent,erőszakos
maid,szobalány
embarrassing,kínos
childhood,gyermekkor
wasting,pazarlás
bow,íj
chick,csaj
sara,Sara
disaster,katasztrófa
revolution,forradalom
online,online
f,f
demon,démon
heavily,súlyosan
coincidence,véletlen egybeesés
perform,fellép
thin,vékony
terrific,félelmetes
mac,MAC
crown,korona
identity,identitás
virgin,szűz
impressive,hatásos
windows,ablakok
no-one,senki
potential,lehetséges
guitar,gitár
committee,bizottság
dozen,tucat
delivery,kézbesítés
advance,előleg
quietly,csendesen
stan,stan
teaching,tanítás
hunter,vadász
latest,legújabb
hurting,fájás
swing,hinta
capital,főváros
counting,számolás
drew,rajzolt
dirt,piszok
whistle,síp
marie,Marie
hits,slágerek
doug,Doug
deny,tagadni
urgent,sürgős
threatened,fenyegető
behavior,viselkedés
molly,molly
mixed,vegyes
stays,marad
assure,biztosít
subtitles,felirat
explanation,magyarázat
wins,győzelem
unique,egyedi
chasing,üldözés
billion,"milliárd, ezermillió"
duke,herceg
production,Termelés
slave,rabszolga
agents,ügynökök
carol,ének
lets,engedt
cruel,kegyetlen
mask,maszk
sally,kirohanás
behave,viselkedik
bury,eltemet
massive,tömeges
pathetic,szánalmas
species,faj
approaching,közeledik
jo,jous
loan,hitel
struggle,küzdelem
dish,tál
trusted,megbízható
jumped,ugrott
firing,égetés
channel,csatorna
abby,Abby
stopping,megálló
asks,- kérdezi
jean,farmer
swimming,úszás
daily,napi
basement,pince
linda,Linda
quarter,negyed
erm,ERM
bound,összekötött
navy,haditengerészet
article,cikk
guide,útmutató
accused,vádlott
transfer,átruházás
guts,belek
quality,minőség
fella,fickó
roman,római
greater,nagyobb
damned,Átkozott
couch,kanapé
cheer,éljenzés
vegas,Vegas
shoe,cipő
title,cím
shy,félénk
punishment,büntetés
los,los
clicks,kattintás
closet,fülke
bye-bye,Viszlát
fever,láz
coward,gyáva
flash,vaku
impressed,lenyűgözött
bruce,bruce
siren,sziréna
prisoners,foglyok
sides,oldal
bowl,tál
katie,Katie
supply,kínálat
sensitive,érzékeny
hopefully,remélhetőleg
rolling,gördülő
roy,roy
dollar,dollár
tone,hangzás
voices,hang
g,g
cheating,csalás
confess,bevallani
demand,igény
museum,múzeum
unknown,ismeretlen
suspicious,gyanús
adult,felnőtt
todd,todd
frightened,rémült
warned,figyelmeztetett
steady,állandó
kills,megöl
crossed,keresztezett
lou,lukt
particularly,különösen
sandwich,szendvics
laws,törvény
joint,közös
bullets,golyó
package,csomag
trained,kiképzett
thursday,csütörtök
boots,csizma
possibility,lehetőség
albert,Albert
civil,civil
june,június
germans,németek
baseball,baseball
express,Expressz
miserable,nyomorult
tuesday,kedd
parker,Parker
lion,oroszlán
joseph,József
refused,megtagadta
shine,ragyog
assault,támadás
hong,Hong
jokes,viccek
breaks,szünet
argue,érvel
you-,te-
trail,nyom
option,választási lehetőség
recall,visszahívás
mighty,hatalmas
collection,Gyűjtemény
oliver,oliver
wilson,Wilson
accent,hangsúly
believes,hisz
decisions,döntések
embarrassed,zavart
mobile,Mobil
customer,vevő
terribly,szörnyen
sec,SEC
charity,adomány
considering,figyelembe véve
pussy,punci
donna,donna
protecting,védelem
flag,zászló
kidnapped,elrabolt
italy,Olaszország
balance,egyensúly
creatures,lények
nuclear,nukleáris
wallet,pénztárca
shout,kiáltás
vincent,Vincent
entered,belépett
impression,benyomás
angela,Angela
jay,jay
degrees,fokozat
favour,kedvelő
reaction,reakció
network,hálózat
jessica,jessica
version,változat
concert,koncert
gear,felszerelés
singer,énekes
diamond,gyémánt
defeat,vereség
steven,István
lane,sáv
blast,robbanás
wounded,sebesült
anytime,bármikor
partners,partnerek
ages,korosztály
charlotte,Charlotte
ceremony,ünnepség
league,liga
bars,rúd
orange,narancs
specific,különleges
conditions,körülmények
plastic,műanyag
crisis,válság
fifth,ötödik
term,kifejezés
self,maga
offering,ajánlat
bud,bimbó
suffered,szenvedett
reported,jelentett
commissioner,biztos
rip,Nyugodj békében
mysterious,rejtélyes
entrance,bejárat
messed,összezavarodott
tunnel,alagút
designed,tervezett
neighbor,szomszéd
aboard,fedélzeten
sweat,izzad
justin,Justin
ghosts,szellemek
crimes,bűncselekmények
costs,költségek
deserves,megérdemel
dreaming,álmodozó
bust,Mellbőség
el,elutazó
teddy,mackó
kong,Kong
messages,üzenetek
enjoying,élvezve
afterwards,később
comfort,kényelem
mason,kőműves
surrender,megadás
gym,tornaterem
kitty,cica
crush,összetör
yup,Aha
arranged,elrendezett
suits,ruhák
pee,pisil
stress,feszültség
cave,barlang
wing,szárny
jordan,Jordánia
arrange,rendezni
comrade,elvtárs
noble,nemes
tricks,trükkök
betty,betty
launch,dob
legend,legenda
mix,keverd össze
golf,golf
imagination,képzelet
fox,róka
kissing,csókolózás
butter,vaj
tax,adó
gross,bruttó
edward,Edward
texas,Texas
insist,ragaszkodik valamihez
marcus,Marcus
classic,klasszikus
selfish,önző
skull,koponya
frankie,Frankie
shown,Látható
bat,denevér
survived,túlélt
print,nyomtatás
champion,bajnok
bills,számlák
therapy,terápia
lifetime,élettartam
throughout,egész
a.m.,A.M.
nathan,Nathan
toward,felé
sauce,szósz
experiment,kísérlet
margaret,margaret
describe,leír
ross,Ross
grass,fű
cheat,csal
attend,részt vesz
homework,házi feladat
lewis,Lewis
betrayed,elárult
servant,szolgáló
cap,sapka
tyler,Tyler
bible,Biblia
practically,gyakorlatilag
catherine,Catherine
steel,acél
wipe,törlés
burns,éget
j,J
generation,generáció
cabin,kabin
financial,pénzügyi
industry,ipar
bond,kötvény
sheep,juh
scientists,tudósok
beaten,legyőzött
heck,a fene
deck,fedélzet
script,forgatókönyv
brand,márka
degree,fokozat
painful,fájdalmas
coughing,köhögés
religion,vallás
cats,macskák
stephen,István
influence,befolyás
fuel,üzemanyag
drawing,rajz
uh-oh,UH Oh
rabbit,nyúl
exercise,gyakorlat
attractive,vonzó
touching,megható
virus,vírus
realise,Rájön
torture,kínzás
blessed,áldott
plain,egyszerű
rebecca,tündér
recent,friss
barbara,Barbara
footsteps,lépcső
sacred,szent
removed,eltávolított
pretending,színlelő
wasted,elpazarolt
jewish,zsidó
goodnight,jó éjszakát
robot,robot
crystal,kristály
confirm,megerősít
lad,legény
mile,mérföld
division,osztály
scratch,karcolás
reminds,emlékeztet
walks,séta
ending,befejező
russia,Oroszország
contest,verseny
valuable,értékes
distant,távoli
dumped,eldobott
motion,mozgás
electricity,elektromosság
centre,központ
murders,gyilkosság
tina,tina
jeremy,Jeremy
seal,fóka
standard,alapértelmezett
ellen,Ellen
wore,viselt
surrounded,körülvett
struck,ütött
inform,tájékoztat
gentle,kedves
status,állapot
purse,pénztárca
prints,nyomatok
players,játékosok
charged,töltött
begging,könyörgés
delivered,kiszállított
kenny,kenny
buck,bak
nina,nina
construction,Építkezés
confirmed,megerősített
confession,gyónás
trigger,indítvány
cells,sejtek
frankly,őszintén szólva
ali,ali
exit,kijárat
response,válasz
cancel,megszünteti
argument,érv
principal,fő
turkey,pulyka
lucas,Lucas
clinic,klinika
greetings,üdvözlet
neighbors,szomszédok
vice,helyettes
toy,játék
hannah,Hannah
everyday,minden nap
generous,nagylelkű
gain,nyereség
idiots,idióták
holly,magyal
enjoyed,élvezett
jungle,dzsungel
link,link
underground,föld alatt
smiling,mosolygás
mistress,úrnő
teams,csapatok
product,termék
beef,marhahús
whispers,suttog
religious,vallási
presents,ajándékok
identify,azonosítani
chip,Forgács
chffffff,chffffff
surveillance,felügyelet
carlos,carlos
vampire,vámpír
routine,rutin
uses,felhasználás
michelle,Michelle
underneath,alul
systems,rendszer
temperature,hőfok
waves,hullámok
tribe,törzs
brad,fejnélküli
deputy,helyettes
sophie,Sophie
headquarters,központ
equal,egyenlő
phones,telefon
ken,ken
reckon,számol
related,összefüggő
incredibly,hihetetlenül
chill,hideg
spit,nyárs
tracks,pályák
oscar,OSCAR
makeup,smink
bug,bogár
sounded,hangzott
spirits,szellemek
nerve,ideg
divorced,elvált
stake,tét
port,kikötő
doorbell,csengő csengő
worries,aggodalom
nephew,unokaöcs
miller,molnár
units,egységek
just-,éppen-
proceed,folytassa
landing,leszállás
traitor,áruló
outfit,felszerelés
chloe,chloe
bail,óvadék
fields,mezők
patience,türelem
recording,felvétel
foolish,bolond
loaded,töltött
tokyo,Tokió
davis,davis
costume,kosztüm
wayne,Wayne
injured,sérült
somethin,valami
ian,ian
pet,házi kedvenc
cage,ketrec
digging,ásás
seats,ülések
awkward,kínos
cleaned,megtisztított
pattern,minta
filthy,mocskos
visiting,látogató
jews,zsidók
answering,válaszadás
concentrate,sűrítmény
someplace,valahol
citizens,polgárok
aim,cél
nancy,nancy
affairs,ügyek
thick,vastag
sport,Sport
basic,alapvető
electric,elektromos
pleasant,kellemes
cliff,szikla
nail,köröm
russell,Russell
environment,környezet
western,nyugati
average,átlagos
ease,könnyed
raped,megerőszakolt
interrupt,megszakít
judy,Judy
satisfied,elégedett
beep,sípolás
starving,éhező
documents,dokumentumok
anniversary,évforduló
beth,buta
election,választás
warrior,harcos
forth,tovább
fetch,letöltés
banks,bankok
placed,elhelyezett
timing,időzítés
stones,kövek
complex,összetett
frozen,fagyott
replace,cserél
prayer,ima
skip,kihagyás
angeles,Angeles
guilt,bűnösség
tune,dallam
woo,udvarol
actions,cselekedetek
conscience,lelkiismeret
officially,hivatalosan
martha,Martha
machines,gépek
smaller,kisebb
determined,eltökélt
blown,kifulladt
hail,jégeső
unhappy,boldogtalan
booth,bódé
pour,öntés
berlin,Berlin
cleared,tisztított
packed,csomagolt
wrap,betakar
randy,rázkós
behalf,neve
reasonable,ésszerű
trunk,törzs
homes,házak
festival,fesztivál
tradition,hagyomány
cigarettes,cigaretta
le,le
beside,mellett
harvey,harci
motive,indíték
beings,lények
bishop,püspök
dealer,kereskedő
defendant,alperes
backup,biztonsági mentés
wounds,sebek
ouch,Jaj
ann,ann
nearby,Közeli
drank,ivott
effects,hatások
jonathan,jonathan
dennis,Dennis
benefit,haszon
adventure,kaland
p,p
territory,terület
ve,ve
apology,bocsánatkérés
dylan,dylan
unlike,nem úgy mint
owns,tulajdonosa
boxes,dobozok
thus,és így
clay,agyag
developed,fejlett
busted,elrobbant
pipe,cső
gray,szürke
no.,nem.
goods,áruk
favourite,kedvenc
salad,saláta
loyal,hűséges
atmosphere,légkör
eva,EVA
freaking,rettenetes
dropping,csepegés
strangers,idegenek
mouse,egér
downtown,belváros
francisco,Francisco
heroes,hősök
pit,gödör
rotten,rothadt
paradise,paradicsom
meantime,közben
jess,jess
organization,szervezet
hills,dombok
exam,vizsga
cock,kakas
fairy,tündér
earl,gróf
comment,megjegyzés
activity,tevékenység
frame,keret
knight,lovag
testing,tesztelés
habit,szokás
shelter,menedék
flow,folyam
jennifer,Jennifer
holes,lyukak
prevent,megakadályoz
anthony,anthony
lend,kölcsönöz
cooper,kádár
figures,figurák
boston,Boston
sample,minta
strip,szalag
landed,leszállt
buzzing,zümmögő
monk,szerzetes
slightly,némileg
produce,termel
annoying,bosszantó
judgment,ítélet
laundry,mosoda
ron,ron
lousy,tetves
souls,lelkek
existence,létezés
belly,has
tries,megpróbál
foster,elősegíti
returning,visszatérő
answered,válaszolt
ward,gyülekezet
plants,növények
actress,színésznő
chairman,elnök
individual,Egyedi
hopes,remények
tattoo,tetoválás
fence,kerítés
sink,mosogató
punk,punk
confident,magabiztos
yay,Hurrá
mistaken,téves
limit,határ
bothering,zavaró
st,utca
uncomfortable,kényelmetlen
wednesday,szerda
gifts,ajándékok
policeman,rendőr
na,na
precisely,pontosan
lawyers,ügyvédek
greek,görög
merely,csupán
criminals,bűnözők
underwear,fehérnemű
hoped,remélt
earned,megkeresett
reveal,felfed
appeared,megjelent
derek,Derek
heavens,mennyek
personality,személyiség
batman,Denevérember
virginia,Virginia
wives,feleségek
colour,szín
worker,munkás
pope,pápa
instructions,utasítás
intelligent,intelligens
worrying,aggasztó
vince,Vince
comin,belemerül
cried,sírt
traveling,utazó
bells,harang
x,x
impact,hatás
robbed,kirabolták
relief,megkönnyebbülés
host,házigazda
footage,felvétel
odds,esély
patrol,járőr
circus,cirkusz
mud,sár
captured,elfogott
lessons,órák
occasion,alkalom
sets,készletek
pulse,impulzus
ad,hirdetés
invented,feltalált
diamonds,gyémántok
matthew,Máté
auntie,néni
cloud,felhő
francis,Francis
angels,angyalok
hers,az övé
classes,osztályok
mm-hm,MM-HM
signature,aláírás
complain,panaszkodik
monitor,monitor
options,lehetőségek
claims,igények
flies,repül
pat,pácol
britain,Britannia
hid,elrejtette
wailing,siránkozás
listened,hallgatott
countries,országok
vic,VIC
yell,ordít
rats,patkányok
wondered,csodálkozott
smooth,sima
resist,ellenáll
companies,társaságok
fantasy,fantázia
passport,útlevél
pitch,hangmagasság
hammer,kalapács
homicide,emberölés
casey,casey
holds,tart
flew,elrepült
jacob,Jákób
noon,dél
helicopter,helikopter
dishes,edények
spin,centrifugálás
charm,báj
slap,pofon
apply,alkalmaz
fools,bolondok
screeching,sikoltozás
discover,felfedez
previous,előző
kit,készlet
authorities,hatóság
moaning,nyögés
photograph,fénykép
sales,értékesítés
fifty,ötven
mickey,mickey
beneath,alatt
farewell,búcsú
clouds,felhők
slipped,csúszott
represent,képvisel
deaf,süket
facing,szembe néző
offense,bűncselekmény
citizen,polgár
clown,bohóc
snap,bepattan
messing,összezavar
hood,kapucni
twelve,tizenkét
interests,érdeklődés
cheated,becsapott
liz,liz
informed,tájékozott
humanity,emberiség
producer,termelő
technically,technikailag
accounts,fiókok
extreme,szélső
gettin,gettin
cia,CIA
ii,II.
pays,fizet
profile,profil
oxygen,oxigén
jeez,Jézusom
gene,gén
shed,fészer
minor,kiskorú
ex,volt
theatre,színház
scientific,tudományos
lovers,szerelmesek
chaos,káosz
l.a.,L.A.
rocket,rakéta
math,matematika
stubborn,makacs
august,augusztus
oi,oi
chips,hasábburgonya
intense,erős
grey,szürke
talkin,beszélő
terrorist,terrorista
angle,szög
invitation,meghívás
gus,gus
gambling,szerencsejáték
respond,reagál
thirty,harminc
procedure,eljárás
absolute,abszolút
investigate,kivizsgál
tragedy,tragédia
stable,stabil
session,ülés
capture,elfog
marrying,házasság
ripped,szakadt
attacks,támadások
stretch,nyújtás
bush,bokor
dates,dátumok
unable,képtelen
gates,kapuk
mars,Mars
artists,művészek
increase,növekedés
tastes,ízlés
cared,gondozott
bottles,palack
highest,legmagasabb
whirring,zümmögés
meanwhile,közben
nate,nate
grabbed,megragadott
pigs,sertés
chop,szelet
olivia,Olivia
wheels,kerekek
shocked,döbbent
reverend,tisztelendő
commercial,kereskedelmi
escort,kíséret
engagement,elkötelezettség
corpse,hulla
louise,Louise
worthy,méltó
scale,skála
beats,verés
williams,Williams
threatening,fenyegető
exists,létezik
academy,akadémia
acts,cselekedet
hop,komló
judges,bírók
furniture,bútor
shared,megosztott
ralph,ralph
consequences,következmények
engineer,mérnök
schools,iskolák
softly,halkan
bombs,bombák
caroline,karolin
shark,cápa
transport,szállítás
population,népesség
succeed,sikerül
creepy,hátborzongató
sneak,settenkedik
studies,tanulmányok
destruction,megsemmisítés
keith,Keith
protected,védett
monsters,szörnyek
joining,csatlakozás
punished,büntetett
lightning,villám
malcolm,malcolm
shell,héj
fascinating,elbűvölő
chamber,kamra
ethan,Ethan
romance,románc
instance,példa
jumping,ugrás
groups,csoportok
exhausted,kimerült
testify,tanúsít
studied,tanult
walker,járóka
pin,csap
imagined,elképzelt
drill,fúró
investigating,nyomozó
ye,te
experienced,tapasztalt
elena,Elena
necklace,nyaklánc
loyalty,hűség
junk,szemét
cole,kelkáposzta
cries,sír
stanley,Stanley
rita,rita
southern,déli
blocks,blokkok
emotions,érzelmek
begun,megkezdett
maya,maya
liver,máj
serving,szolgáló
matches,mérkőzések
surgeon,sebész
granted,megadott
jazz,dzsessz
july,július
supplies,készletek
deeper,mélyebb
typical,tipikus
kicking,rúgás
obey,engedelmeskedik
dancer,táncos
remote,távoli
daughters,lányai
moron,idióta
latin,latin
teachers,tanárok
toby,Toby
sandy,homokos
dragged,húzott
strategy,stratégia
parent,szülő
jin,jin
album,album
compared,ahhoz képest
rubbish,szemét
helpful,hasznos
powder,por
sync,szinkronizál
bum,ingyenélő
passes,átesik
joan,Joan
fort,erőd
choices,választás
alley,sikátor
supper,vacsora
penis,hímvessző
alibi,alibi
sammy,Sammy
pole,pólus
coke,koksz
scientist,tudós
fighter,harcos
highway,országút
blade,penge
alpha,alfa
diet,diéta
liquor,folyadék
jet,vadászgép
widow,özvegy
liberty,szabadság
philip,philip
moral,erkölcsi
carrie,Carrie
award,díj
grief,bánat
thirsty,szomjas
ashley,Ashley
random,véletlen
suspects,gyanúsítottak
intention,szándék
julian,Julian
active,aktív
tools,szerszámok
driven,hajtott
trauma,sérülés
headache,fejfájás
safely,biztonságosan
alexander,Sándor
knee,térd
lads,hölgyek
novel,regény
conversations,beszélgetések
waters,vizek
lookin,benéz
invisible,láthatatlan
internal,belső
peaceful,Békés
humming,zümmögő
washed,mosott
drives,hajtások
talented,tehetséges
li,li
aid,támogatás
elephant,elefánt
troubles,baj
core,mag
serial,sorozatszám
painted,festett
divine,isteni
jam,lekvár
goat,kecske
opera,opera
thieves,tolvajok
guessing,találgatás
objection,ellenvetés
whiskey,whisky
florida,Florida
resistance,ellenállás
dressing,öltözködés
attached,csatolt
aaron,Áron
brief,rövid
punish,büntet
eternal,örök
lois,lois
required,kívánt
victoria,Victoria
fabulous,mesés
twins,Ikrek
characters,karakterek
cooked,főtt
ln,LN
ruth,Ruth
dreamed,álmodott
arts,művészetek
naughty,rossz
stabbed,szúrt
tend,hajlamos
diane,diane
tap,Koppintson a
soap,szappan
locker,öltözőszekrény
development,fejlesztés
images,képek
prick,pöcs
global,globális
string,húr
bitter,keserű
sharing,megosztás
corn,kukorica
craig,craig
fits,illik
tent,sátor
forms,formák
votes,szavazás
harold,harold
propose,javasol
monica,monika
constantly,állandóan
granny,nagyi
nicely,szépen
nerves,idegek
arguing,vitatkozik
abuse,visszaélés
relatives,rokonok
survival,túlélés
gloves,kesztyű
tracking,követés
zoe,zoe
u,u
bend,hajlít
review,felülvizsgálat
connect,összekapcsol
separated,elválasztott
elder,idősebb
beard,szakáll
admiral,admirális
diana,Diana
salary,fizetés
areas,terület
disturb,zavar
pro,profi
maintain,fenntart
solved,megoldott
wealth,jólét
bitches,szukák
possession,birtoklás
sang,énekelt
gimme,gimm
plates,tányérok
shoulders,vállak
burnt,megégett
recorded,rögzített
upper,felső
counts,számít
tale,mese
profit,nyereség
colleague,kolléga
warehouse,raktár
hostage,túsz
shore,part
porn,pornó
miami,Miami
fifteen,tizenöt
visitors,látogatók
bo,bo
net,háló
insult,sértés
owen,Owen
cities,városok
causing,okozó
lemon,citrom
heal,gyógyít
banging,dörömbölés
honeymoon,nászút
appeal,fellebbezés
marshall,marshall
critical,kritikai
creating,létrehozás
scotland,Skócia
crane,daru
enormous,hatalmas
testimony,bizonyság
praise,dicséret
fights,harc
indians,indiánok
commission,jutalék
growls,morgás
nicole,nicole
sins,bűnök
fraud,csalás
branch,ág
happily,boldogan
bout,küzdelem
covering,burkolat
occurred,megtörtént
beans,bab
raw,nyers
muscle,izom
pages,oldalak
tense,feszült
relationships,kapcsolatok
management,vezetés
assignment,feladat
blonde,szőke
catching,fogás
exposed,kitett
canada,Kanada
dont,nem
han,Han
von,von
comedy,komédia
marco,Marco
stroke,ütés
whistling,fütyülő
buildings,épületek
shaking,rázás
p.m.,délután.
facility,létesítmény
appropriate,megfelelő
remarkable,figyelemre méltó
transferred,átadott
drawn,húzott
tits,mell
clicking,kattintás
symbol,szimbólum
motor,motor
employees,alkalmazottak
ambassador,nagykövet
mothers,anyák
pile,halom
feeding,táplálás
soda,szóda
checks,ellenőrzés
bears,medvék
cookies,sütik
slut,kurva
awfully,szörnyen
stepped,lépett
toys,játékok
levels,szint
differently,eltérően
magnificent,Káprázatos
steak,steak
tube,cső
leaders,vezetők
superior,kiváló
herr,herr
pan,Pán
expression,kifejezés
currently,jelenleg
throne,trón
deadly,halálos
bee,méh
tooth,fog
depressed,nyomott
potatoes,krumpli
wicked,gonosz
resources,erőforrások
native,anyanyelvi
centuries,évszázadok
karl,karl
poetry,költészet
multiple,többszörös
cable,kábel
shortly,hamarosan
buzz,zümmögés
socks,zokni
fingerprints,ujjlenyomatok
goddess,istennő
chin,áll
anxious,aggódó
september,szeptember
colors,színek
basketball,kosárlabda
promises,ígéretek
explained,magyarázott
appearance,kinézet
musical,zenei
sends,küld
slide,csúszik
aii,aii
shawn,shawn
ultimate,végső
pork,sertéshús
communication,kommunikáció
payment,fizetés
structure,szerkezet
paperwork,papírmunka
obsessed,megszállott
lazy,lusta
russians,oroszok
actors,színészek
squeeze,présel
magical,mágikus
colleagues,kollégák
admire,csodál
madness,őrültség
roads,utak
entry,belépés
injury,sérülés
burden,teher
racing,verseny
manner,mód
freezing,fagyasztó
bits,bitek
norman,normann
mount,hegy
battery,akkumulátor
dessert,desszert
pound,font
visited,meglátogatott
motel,motel
rumbling,dörgés
cinema,mozi
fond,kedvel
halfway,félúton
rifle,puska
reception,recepció
statue,szobor
fridge,hűtő
brick,tégla
abandon,elhagyott
lap,ölelés
natalie,Natalie
wars,háborúk
recommend,javasol
brush,kefe
nelson,nelson
pill,tabletta
concept,koncepció
w,w
delay,késleltetés
quarters,szállás
korea,Korea
janet,Janet
rub,dörzsölés
mall,pláza
soil,talaj
complaint,panasz
sail,vitorla
baker,pék
coughs,köhögés
bucket,vödör
description,leírás
badge,jelvény
measure,intézkedés
hip,csípő
function,funkció
indistinctly,határozatlanul
harris,harisi
foundation,Alapítvány
labor,munkaerő
willie,Willie
waiter,pincér
homeless,hajléktalan
proved,bizonyított
unfortunate,szerencsétlen
log,fatörzs
meetings,találkozók
giggles,kuncog
combat,harc
poem,vers
polish,fényesít
handed,átadott
mia,MIA
weed,gyom
raymond,Raymond
tons,tonna
satellite,műhold
jersey,Jersey
eagle,sas
privacy,magánélet
chapter,fejezet
treating,kezelés
wisdom,bölcsesség
flip,flip
entering,belépő
barn,istálló
farmer,Gazda
clan,klán
budget,költségvetés
pub,kocsma
temporary,ideiglenes
effective,hatékony
sonny,fiacskám
wendy,wendy
juan,Juan
lamb,Bárány
plot,cselekmény
riley,riley
proposal,javaslat
sticks,botok
searched,átkutatott
blessing,áldás
rage,düh
bothered,zavart
sydney,Sydney
manners,modor
recover,visszaszerez
twist,csavar
neil,neil
leak,szivárog
item,tétel
catholic,katolikus
sighing,sóhajt
retired,nyugdíjas
kings,királyok
inner,belső
cents,cent
affect,hatással van
forbidden,tiltott
patch,tapasz
drops,cseppek
necessarily,szükségszerűen
provided,biztosítani
meters,méter
booked,foglalt
returns,visszatér
gloria,Gloria
fires,tüzelés
humor,humor
torn,szakadt
e-mail,email
rocky,sziklás
introduced,bemutatott
creative,kreatív
betray,elárul
soviet,szovjet
various,különféle
added,hozzáadott
discovery,felfedezés
cowboy,cowboy
suspected,feltételezett
suggested,javasolt
delighted,örömteli
sticking,ragasztás
dive,merül
shane,Shane
radar,radar
prosecutor,ügyész
amber,borostyán
vast,hatalmas
quinn,quinn
owned,birtokolt
cookie,aprósütemény
finest,legjobb
pump,szivattyú
valentine,szerető
counter,számláló
sorts,válogatás
coin,érme
warren,háborút
slaves,rabszolgák
marine,tengeri
illness,betegség
sack,zsák
bid,ajánlattétel
require,megkövetel
moscow,Moszkva
largest,legnagyobb
washing,mosás
achieve,elér
causes,okoz
k,K -
mo,MO
dope,kábítószer
nest,fészek
palm,tenyér
logan,Logan
constant,állandó
b.,b.
boo,lehurrogás
medication,gyógyszer
gravity,gravitáció
booze,nyakal
noah,Noé
evan,Evan
abroad,külföldön
christine,Christine
rising,emelkedő
analysis,elemzés
cuts,vágások
eats,eszik
employee,munkavállaló
vodka,vodka
damaged,sérült
solar,nap
height,magasság
pops,pops
yards,udvar
terrified,rémült
suitcase,bőrönd
chemical,kémiai
preparing,előkészítés
advanced,fejlett
fund,alap
wears,visel
chirping,csiripelés
web,háló
phase,fázis
prom,promóciós
suggesting,javaslat
fleet,flotta
lame,béna
irish,ír
editor,szerkesztő
october,október
assumed,feltételezte
whip,ostor
mel,mel
region,vidék
amongst,között
temper,kedély
discussion,vita
engines,motorok
operate,működtet
sunshine,napfény
acted,cselekedett
undercover,titkos
horror,borzalom
tested,tesztelt
smash,összetör
contrary,ellentétes
roses,rózsa
poker,póker
wrapped,csomagolt
korean,koreai
graham,graham
mi,MI
fu,fu
ivan,Iván
focused,összpontosított
liam,liam
tragic,tragikus
carla,Carla
demons,démonok
rounds,kerek
entertainment,szórakozás
gathered,összegyűjtött
uhh,uhh
yells,kiabál
lincoln,Lincoln
crossing,átkelés
blanket,takaró
nut,dió
travis,travis
pockets,zsebek
limited,korlátozott
paintings,festmény
sober,józan
caesar,Caesar
sis,sis
intended,szándékolt
niece,unokahúg
computers,számítógépek
tennis,tenisz
needle,tű
chicks,csibék
traditional,hagyományos
delicate,törékeny
independent,független
leslie,Leslie
lauren,Lauren
grandson,unoka
repair,javítás
a.,a.
brandon,Brandon
executive,végrehajtó
colin,kolin
recognized,elismert
regarding,tekintettel
weakness,gyengeség
aliens,idegenek
gunshots,lövések
european,európai
method,módszer
tool,eszköz
demands,igények
permit,engedély
towel,törülköző
daisy,Százszorszép
nowadays,Manapság
spider,pók
northern,északi
rangers,őrök
zoo,állatkert
praying,imádkozás
antonio,Antonio
passengers,utasok
con,beilleszt
australia,Ausztrália
technique,technika
cellphone,mobiltelefon
gently,gyengéden
operations,tevékenységek
planes,sík
bunny,nyuszi
gunfire,ágyúzás
shining,csillogó
backwards,visszafelé
skill,készség
uh-,uh-
baron,báró
kidnapping,emberrablás
iike,iike
marshal,marsall
petty,piti
sealed,zárt
massage,masszázs
raising,emelés
menu,menü
diary,napló
fucker,bukó
wagon,vasúti kocsi
audition,meghallgatás
mitch,bukás
mexican,mexikói
casino,kaszinó
bacon,szalonna
diego,Diegó
dutch,holland
promotion,promóció
click,kattintás
forgiveness,megbocsátás
burst,robbanás
permanent,állandó
interfere,beavatkozik
chanting,éneklés
dammit,rohanó
spencer,pelyhes
recovered,helyrehozott
registered,bejegyzett
sunny,napos
packing,csomagolás
scenes,jelenetek
superman,felsőbbrendű ember
questioning,megkérdőjelezés
unfair,tisztességtelen
admitted,felvételt nyer
ancestors,ősök
polite,udvarias
completed,befejezett
swallow,Nyel
conduct,magatartás
prayers,imák
sheet,lemez
fried,sült
avenue,sugárút
poisoned,megmérgezett
reverse,fordított
newspapers,újságok
ford,fordít
complaining,panaszkodás
senses,érzékek
investment,beruházás
absurd,abszurd
potato,burgonya
understands,megérti
grows,növekszik
inspired,ihletett
ruby,rubin
celebrating,ünneplő
tag,címke
ram,kos
requires,igényel
bonnie,bonnie
bugs,rovarok
leonard,Leonard
elliot,Elliot
hooked,Függő
jill,jill
ranch,tanya
safer,biztonságosabb
worn,kopott
crashing,összeomló
lands,föld
heather,hanga
ash,hamu
leather,Bőr
grounds,alapok
assuming,feltételezve
nails,köröm
dana,dána
conspiracy,összeesküvés
thanksgiving,hálaadás
pierre,Pierre
guardian,gyám
rumors,pletykák
yen,jen
megan,Megan
ashes,hamu
terror,terror
misunderstanding,félreértés
tire,gumi
boats,csónakok
parade,felvonulás
halt,Állj
immunity,immunitás
adults,felnőttek
steam,gőz
kang,kang
closely,szorosan
pearl,gyöngyszem
soccer,futball
adrian,Adrianus
priority,kiemelten fontos
shouts,kiáltás
donald,Donald
happier,boldogabb
khan,kán
struggling,küzdelem
root,gyökér
larger,nagyobb
november,november
boot,csomagtartó
conflict,konfliktus
laughed,nevetett
debbie,Debbie
cherry,cseresznye
honking,csiszoló
concerns,aggályok
celebration,ünneplés
sore,fájó
unconscious,öntudatlan
cattle,marha
breasts,mellek
fairly,meglehetősen
fee,díj
recognise,elismerik
wade,átgázol
radiation,sugárzás
holidays,ünnepek
raining,esőzés
forgetting,elfelejtés
lungs,tüdő
register,Regisztráció
shadows,árnyék
specifically,kimondottan
sarge,szarga
ideal,ideál
turtle,teknősbéka
spoil,zsákmány
deserved,megérdemelt
ronnie,Ronnie
gina,gina
candidate,jelölt
lance,lándzsa
types,típus
bloke,pasas
explode,felrobban
immediate,azonnali
belonged,tartozott
identified,azonosított
di,off
hunger,éhség
closest,legközelebbi
combination,kombináció
nanny,dajka
seth,seth
gabriel,Gabriel
develop,fejleszt
detectives,nyomozók
severe,szigorú
en,hüvelyes
organized,szervezett
franklin,franklin
gut,belek
splendid,pompás
dismissed,elutasított
pm,délután
yang,yang
halloween,halloween
ellie,Ellie
vulnerable,sebezhető
continued,folytatás
vital,létfontosságú
comrades,bajtársak
bureau,hivatal
drawer,rajzoló
harper,harper
retreat,visszavonulás
carson,Carson
benny,Benny
troy,Trója
ace,ász
cart,kocsi
nap,szundikál
chan,chan
ham,sonka
announce,bejelent
borrowed,kölcsönzött
parked,parkolt
galaxy,galaxis
voted,szavazott
muffled,tompított
sebastian,sebastianus
mmm-hmm,mmm-hmm
jewelry,ékszerek
kisses,Puszi
luggage,poggyász
groom,vőlegény
oops,lopog
lighter,öngyújtó
masters,mesterek
alliance,szövetség
buddies,barátok
clothing,ruházat
denied,megtagadta
drown,megfullad
alike,hasonló
excellency,kiválóság
relative,relatív
photographs,fényképek
burger,hamburger
dough,tészta
alicia,Alicia
wreck,roncs
approve,jóváhagy
produced,előállított
christina,Krisztina
physically,fizikailag
stations,állomások
eli,eli
samantha,Samantha
spiritual,lelki
sire,apa
roaring,ordítozó
stab,szúrás
inch,hüvelyk
servants,szolgák
limits,korlátok
unexpected,váratlan
arrival,érkezés
whimpering,nyüzsgő
basket,kosár
sheets,ágynemű
scandal,botrány
stink,bűz
homer,Homérosz
tara,Tara
christopher,Christopher
toes,lábujjak
shield,pajzs
shooter,vadász
instant,azonnali
objects,tárgyak
rehearsal,próba
disturbing,zavaró
directed,irányított
scan,letapogatás
electronic,elektronikus
republic,köztársaság
overnight,éjszakai
counsel,jogi képviselő
sirens,szirénák
dorothy,Dorothy
bait,csali
dignity,méltóság
explains,magyarázza
lean,sovány
heroin,heroin
tracy,tracy
rex,újság
barney,Barney
gossip,pletyka
humble,alázatos
economy,gazdaság
worlds,világok
impress,lenyűgöz
clara,Clara
tissue,szövet
threaten,fenyeget
et,ET
bump,ütődés
supreme,legfőbb
bingo,bingó
mitchell,Mitchell
excitement,izgalom
mankind,emberiség
document,dokumentum
broad,széles
vietnam,Vietnam
vessel,hajó
lit,megvilágított
dale,völgy
killers,gyilkos
connor,connor
mario,mario
foul,rossz
stare,bámul
deaths,halálozások
hut,kunyhó
elements,elemek
coma,kóma
laying,lefektetés
coffin,koporsó
paula,Paula
cocaine,kokain
puppy,kölyökkutya
louder,hangosabb
handled,kezelt
announcement,közlemény
oath,eskü
mob,csőcselék
cotton,pamut
deposit,letét
taxes,adók
injuries,sérülések
jen,jen
autopsy,boncolás
advise,tanácsol
gig,koncert
lecture,előadás
posted,közzétett
skinny,sovány
lo,lo
include,tartalmaz
revealed,kinyilatkoztatott
infected,fertőzött
relieved,megkönnyebbült
assistance,támogatás
solo,szóló
determine,meghatároz
terrorists,terroristák
elsewhere,máshol
lamp,lámpa
practical,gyakorlati
marked,megjelölt
adorable,imádni való
rubber,radír
purple,lila
operating,üzemeltetési
suite,lakosztály
apologies,bocsánat
personnel,személyzet
beam,gerenda
poet,költő
samples,minták
arrow,nyíl
counselor,tanácsadó
carpet,szőnyeg
allen,allen
audrey,Audrey
spotted,észlelve
floating,úszó
corrected,javított
located,elhelyezkedő
journalist,újságíró
insisted,ragaszkodott
operator,operátor
rely,támaszkodni
singh,singh
fooled,becsapott
arrives,Megérkezik
i.d.,I.D.
leon,Leon
walt,sóvárog
eastern,keleti
ay,igen
shave,borotválkozás
remaining,többi
toss,dobás
anderson,Anderson
lip,ajak
acid,sav
nora,Nora
si,SI
december,december
anonymous,névtelen
inn,fogadó
planted,beültetett
oldest,legrégebbi
breast,mell
sixth,hatodik
error,hiba
reporting,jelentés
egypt,Egyiptom
islands,szigetek
brother-in-law,Sógor
jules,jules
roommate,szobatárs
sings,énekel
scum,hab
visitor,látogató
giggling,kuncogó
described,leírt
geez,geez
inches,hüvelyk
commitment,elkötelezettség
hercules,Herkules
react,reagál
cows,tehenek
protest,tiltakozás
misery,szenvedés
theft,lopás
embrace,ölelés
darn,stoppol
harsh,durva
andrea,Andrea
communicate,kommunikálni
fathers,apák
faithful,hűséges
hector,Hector
uh-uh,uh-uh
flame,láng
medal,érem
silk,selyem
photographer,fotós
trevor,Trevor
cemetery,temető
rear,hátulsó
freddy,ferde
banana,banán
allison,allison
emotion,érzelem
chap,pasas
dated,keltezett
excuses,kifogások
shitty,szar
bin,kuka
jew,zsidó
gum,gumi
crushed,összetört
efforts,erőfeszítések
content,tartalom
corporal,tizedes
realised,megvalósult
del,del
rap,rap
hopeless,reménytelen
debate,vita
era,korszak
luckily,szerencsére
ton,tonna
liquid,folyékony
swell,dagad
peggy,Peggy
feast,ünnep
murphy,murfy
attracted,vonzott
application,Alkalmazás
profession,szakma
bench,pad
vanessa,Vanessa
ahem,hé
symptoms,tünetek
scout,cserkész
crashed,összeomlott
keen,lelkes
aircraft,repülőgép
formed,alakított
hon,tisztelőkészülék
aggressive,agresszív
pale,sápadt
significant,jelentős
duncan,duncan
clubs,klubok
visual,vizuális
embassy,nagykövetség
defence,védelem
cabinet,szekrény
display,kijelző
fame,hírnév
gibbs,gibbs
drowned,megfulladt
wolves,farkasok
filming,film forgatás
cursed,átkozott
twin,iker
sorrow,bánat
vault,boltozat
defeated,legyőzött
watson,Watson
quote,idézet
penalty,büntetés
bargain,alku
pepper,bors
speaker,hangszóró
compare,összehasonlít
satan,Sátán
helmet,sisak
scar,sebhely
copies,másolatok
fuss,fontoskodás
envelope,boríték
perry,körtebor
stinks,büdös
african,afrikai
arrangements,megállapodások
wished,vágyott
honored,megbecsült
believing,hívő
discussed,megvitatott
assigned,kijelölt
rosa,rosa
oven,sütő
jenna,Jenna
attacking,támadó
tin,ón
sonic,szonikus
collar,gallér
mere,puszta
romeo,Rómeó
belief,hit
storage,tárolás
rusty,rozsdás
psycho,pszicho
climbing,mászó
melissa,méhfű
fears,félelem
sum,összeg
dedicated,dedikált
ladder,létra
alternative,alternatív
raid,rajtaütés
dining,étkezés
ms,Kisasszony
corporate,társasági
folk,népi
jon,Jon
replaced,helyettesített
bailey,bailey
un,ENSZ
heels,sarok
duties,feladat
smarter,okosabb
existed,létezett
surprising,meglepő
chess,sakk
requested,kért
cruise,hajókázás
primary,elsődleges
rhythm,ritmus
drum,dob
models,modellek
motorcycle,motorbicikli
adopted,fogadott
barrel,hordó
cargo,szállítmány
planets,bolygók
shove,lök
wha,WHA
surprises,meglepetés
rosie,Rosie
dings,dings
trailer,filmelőzetes
cannon,ágyú
tables,asztalok
arse,szamár
ally,szövetséges
lawrence,Lawrence
wee,pici
tapes,szalagok
dull,unalmas
sandra,Sandra
kent,Kent
cooperate,együttműködik
risks,kockázatok
dug,ásta
worthless,értéktelen
arriving,érkező
kindness,kedvesség
ties,kötés
items,tárgyak
and-,és-
grip,markolat
relations,kapcsolatok
rumor,szóbeszéd
skirt,szoknya
frog,béka
paige,pamid
lloyd,Lloyd
claimed,igényelt
perfume,parfüm
instrumental,hangszeres
flames,Lángok
association,Egyesület
loses,vesztes
january,január
spike,tüske
israel,Izrael
eleven,tizenegy
gallery,Képtár
ginger,gyömbér
activities,tevékenységek
iraq,Irak
boarding,beszállás
fist,ököl
stuffed,töltött
improve,javít
creation,Teremtés
connie,Connie
infection,fertőzés
strikes,sztrájk
wiped,megsemmisített
tension,feszültség
whistles,síp
kindly,kedvesen
certificate,bizonyítvány
curtis,curtis
bold,bátor
threats,fenyegetés
claudia,Claudia
sid,side
twisted,csavart
suspended,felfüggesztett
affected,érintett
envy,irigység
whale,bálna
dial,tárcsa
cameron,Cameron
martial,harcias
controlled,ellenőrzött
lung,tüdő
nigga,nigga
coal,szén
upside,felfelé forduló
imperial,császári
pam,pam
paranoid,paranoid
signing,aláírás
congress,Kongresszus
villa,villa
candles,gyertyák
filling,töltő
becky,becsapott
comic,komikus
faint,elájul
recovery,felépülés
volunteer,önkéntes
tech,műszaki
bleed,vérzik
positions,helyzet
cindy,cindy
narrow,keskeny
forbid,tilt
stuart,stuart
perspective,perspektíva
faced,arcú
neat,tiszta
pierce,átszúr
observe,megfigyel
cycle,ciklus
psychic,lelki
handling,kezelése
goose,liba
accidentally,véletlenül
conclusion,következtetés
designer,tervező
sits,ül
importance,fontosság
spots,helyek
francs,frank
sweep,söprés
destroying,elpusztító
communist,kommunista
blackmail,zsarolás
pacific,békés
risky,kockázatos
glorious,dicső
filed,benyújtott
hatred,gyűlölet
cam,bütyök
deals,ügylet
pos,pozíció
fooling,bolondság
persons,személyek
scotch,skót
executed,végrehajtott
brakes,fékez
blank,üres
tender,pályázati kiírás
kurt,kurta
turner,esztergályos
tub,kád
sucker,szívó
slight,enyhe
addition,kiegészítés
